# kind	file	job	step	reason. A row with no matching hit fails, so rows can only be removed.
gh-api-unbounded	release.yml	tag-policy	Verify signed tag binding before checkout	single-object ref lookup, not a list
gh-api-unbounded#2	release.yml	tag-policy	Verify signed tag binding before checkout	single-object tag lookup, not a list
gh-api-unbounded#3	release.yml	tag-policy	Verify signed tag binding before checkout	per_page=100 and the step fails when total_count exceeds 100
command-unresolved	ci.yml	install-verification	Verify release bundle installer	runs install.sh from the bundle directory the step unpacks at run time
command-unresolved#2	ci.yml	install-verification	Verify release bundle installer	runs the launcher that install.sh placed under HOME
command-unresolved#3	ci.yml	install-verification	Verify release bundle installer	runs uninstall.sh from the bundle directory the step unpacks at run time
command-unresolved	release.yml	install-verification	Verify release bundle installer	runs install.sh from the bundle directory the step unpacks at run time
command-unresolved#2	release.yml	install-verification	Verify release bundle installer	runs the launcher that install.sh placed under HOME
command-unresolved#3	release.yml	install-verification	Verify release bundle installer	runs uninstall.sh from the bundle directory the step unpacks at run time
command-unresolved	ci.yml	install-verification	Verify Homebrew formula install	inline interpreter program the lint does not read
command-unresolved	fuzz.yml	rust-fuzz	Enable crates.io for the non-shipping fuzz build	inline interpreter program the lint does not read
command-unresolved	release.yml	install-verification	Verify Homebrew formula install	inline interpreter program the lint does not read
